T,T,T,T,T,T,W,W,A,A,A,A,W,W,W,P,P,P,P,P,P,P,P
T,T,T,T,T,T,W,W,A,A,A,A,W,W,W,PL,P,P,P,P,P,P,P
T,T,T,T,T,TR,W,W,A,A,A,AR,W,W,W,W,W,W,P,P,P,P,P
T,T,T,T,TD,TR,W,W,A,A,A,A,W,W,W,W,W,W,P,P,PD,PD,P
W,W,W,W,W,W,W,W,A,A,A,A,W,W,W,W,W,W,W,W,W,W,W
W,W,W,W,W,W,W,W,A,AD,AD,A,W,W,W,W,W,W,W,W,W,W,W
M,M,MU,M,W,W,W,W,W,W,W,W,W,W,W,W,W,W,L,L,LU,L,L
M,M,M,M,W,W,W,W,W,W,W,W,W,W,W,W,W,W,L,L,L,L,L
M,M,M,M,W,W,W,X,X,X,X,X,X,X,X,W,W,W,LL,L,L,L,L
M,M,M,M,W,W,W,X,X,X,X,X,X,X,X,W,W,W,LL,L,L,L,L
M,M,MD,M,W,W,W,X,X,X,X,X,X,X,X,W,W,W,L,L,L,L,L
W,W,W,W,W,W,W,X,X,X,X,X,X,X,X,W,W,W,L,L,L,LD,L
W,W,W,W,W,W,W,X,X,X,X,X,X,X,X,W,W,W,W,W,W,W,W
D,D,DU,DU,D,W,W,W,W,W,W,W,W,W,W,W,W,W,W,W,W,W,W
D,D,D,D,D,W,W,W,W,W,W,W,W,W,W,W,W,HL,H,HU,HU,H,H
D,D,D,D,DR,W,W,S,SU,SU,W,W,W,B,B,B,W,H,H,H,H,H,H
D,D,D,D,DR,W,W,S,S,SR,W,W,W,B,B,B,W,H,H,H,H,H,H
D,D,D,D,D,W,S,S,S,W,W,W,BL,B,B,BR,W,H,H,H,H,H,H
D,D,D,D,D,W,S,S,S,W,W,B,B,B,B,BR,W,H,H,H,H,H,H
D,D,D,D,D,W,S,S,S,W,W,B,B,B,B,B,W,H,H,H,H,H,H
D,D,D,D,D,W,S,S,S,W,W,B,B,B,B,B,W,H,H,H,H,H,H